start;end;pitch;pitchclass;instrument
0.8000;0.9313;62;2;"piano"
0.8000;0.9313;50;2;"piano"
0.9300;1.0025;67;7;"piano"
0.9300;1.0025;55;7;"piano"
1.0000;1.1006;70;10;"piano"
1.0000;1.1006;58;10;"piano"
1.1100;1.4125;74;2;"piano"
1.1100;1.4125;62;2;"piano"
1.4100;1.5950;70;10;"piano"
1.4100;1.5950;58;10;"piano"
1.5900;1.8738;67;7;"piano"
1.5900;1.8738;55;7;"piano"
1.8900;2.2400;62;2;"piano"
1.8900;2.2400;50;2;"piano"
2.2400;2.3525;75;3;"piano"
2.2400;2.3525;63;3;"piano"
2.3500;2.4225;74;2;"piano"
2.3500;2.4225;62;2;"piano"
2.4200;2.5606;75;3;"piano"
2.4200;2.5606;63;3;"piano"
2.5700;2.7950;74;2;"piano"
2.5700;2.7950;62;2;"piano"
2.7900;3.0550;70;10;"piano"
2.7900;3.0550;58;10;"piano"
3.0500;3.2537;67;7;"piano"
3.0500;3.2537;55;7;"piano"
3.2700;3.6869;62;2;"piano"
3.2700;3.6869;50;2;"piano"
3.6800;3.8125;63;3;"piano"
3.6800;3.8125;51;3;"piano"
3.8100;3.8432;62;2;"piano"
3.8100;3.8432;50;2;"piano"
3.8430;3.9206;63;3;"piano"
3.8430;3.9206;51;3;"piano"
3.9300;4.2350;65;5;"piano"
3.9300;4.2350;53;5;"piano"
4.2300;4.4950;62;2;"piano"
4.2300;4.4950;50;2;"piano"
4.4900;4.7350;60;0;"piano"
4.4900;4.7350;48;0;"piano"
4.7300;4.9750;58;10;"piano"
4.7300;4.9750;46;10;"piano"
4.9700;5.1950;57;9;"piano"
4.9700;5.1950;45;9;"piano"
5.1900;5.3752;55;7;"piano"
5.1900;5.3752;43;7;"piano"
5.4100;5.4956;55;7;"piano"
5.4100;5.4587;57;9;"piano"
5.4100;5.4956;43;7;"piano"
5.4100;5.4587;45;9;"piano"
5.5119;5.5775;58;10;"piano"
5.5119;5.5212;57;9;"piano"
5.5119;5.5775;46;10;"piano"
5.5119;5.5212;45;9;"piano"
5.5944;5.6600;57;9;"piano"
5.5944;5.6600;45;9;"piano"
5.6762;5.7419;58;10;"piano"
5.6762;5.7419;46;10;"piano"
5.7581;5.8237;57;9;"piano"
5.7581;5.8237;45;9;"piano"
5.8400;5.9056;58;10;"piano"
5.8400;5.9056;46;10;"piano"
5.9225;5.9881;57;9;"piano"
5.9225;5.9881;45;9;"piano"
6.0044;6.0700;58;10;"piano"
6.0044;6.0700;46;10;"piano"
6.0862;6.1519;57;9;"piano"
6.0862;6.1519;45;9;"piano"
6.1681;6.2337;58;10;"piano"
6.1681;6.2337;46;10;"piano"
6.2362;6.3300;55;7;"piano"
6.2362;6.3300;43;7;"piano"
6.2831;6.3300;57;9;"piano"
6.2856;6.3300;45;9;"piano"
6.3300;6.7706;55;7;"piano"
6.3300;6.7706;43;7;"piano"
6.8200;6.9725;57;9;"piano"
6.8200;6.9725;45;9;"piano"
6.9700;7.1225;55;7;"piano"
6.9700;7.1225;43;7;"piano"
7.1200;7.1762;57;9;"piano"
7.1200;7.1762;45;9;"piano"
7.2100;7.3356;55;7;"piano"
7.2100;7.2675;57;9;"piano"
7.2100;7.3356;43;7;"piano"
7.2100;7.2675;45;9;"piano"
7.3519;7.4175;58;10;"piano"
7.3519;7.3612;57;9;"piano"
7.3519;7.4175;46;10;"piano"
7.3519;7.3612;45;9;"piano"
7.4344;7.5000;57;9;"piano"
7.4344;7.5000;45;9;"piano"
7.5162;7.5819;58;10;"piano"
7.5162;7.5819;46;10;"piano"
7.5981;7.6637;57;9;"piano"
7.5981;7.6637;45;9;"piano"
7.6800;7.7456;58;10;"piano"
7.6800;7.7456;46;10;"piano"
7.7625;7.8281;57;9;"piano"
7.7625;7.8281;45;9;"piano"
7.8444;7.9100;58;10;"piano"
7.8444;7.9100;46;10;"piano"
7.9262;7.9919;57;9;"piano"
7.9262;7.9919;45;9;"piano"
8.0081;8.0737;58;10;"piano"
8.0081;8.0737;46;10;"piano"
8.0762;8.1700;55;7;"piano"
8.0762;8.1700;43;7;"piano"
8.1231;8.1700;57;9;"piano"
8.1231;8.1700;45;9;"piano"
8.1700;8.4650;55;7;"piano"
8.1700;8.4650;43;7;"piano"
8.9300;9.2300;50;2;"voice"
8.9300;9.2350;62;2;"piano"
8.9300;9.2350;50;2;"piano"
9.2300;9.5150;58;10;"voice"
9.2300;9.5150;70;10;"piano"
9.2300;9.5150;58;10;"piano"
9.5100;9.7337;57;9;"voice"
9.5100;9.7550;69;9;"piano"
9.5100;9.7550;57;9;"piano"
9.7500;10.0500;55;7;"voice"
9.7500;10.0550;67;7;"piano"
9.7500;10.0550;55;7;"piano"
10.0500;10.2550;54;6;"voice"
10.0500;10.2550;66;6;"piano"
10.0500;10.2550;54;6;"piano"
10.2500;10.4740;57;9;"voice"
10.2500;10.4950;69;9;"piano"
10.2500;10.4950;57;9;"piano"
10.4900;10.7700;58;10;"voice"
10.4900;10.7350;70;10;"piano"
10.4900;10.7200;58;10;"piano"
10.7200;10.7700;57;9;"piano"
10.7350;10.7700;69;9;"piano"
10.7700;11.0750;60;0;"voice"
10.7700;11.0580;72;0;"piano"
10.7700;11.0580;60;0;"piano"
11.0700;11.2540;58;10;"voice"
11.0700;11.2750;70;10;"piano"
11.0700;11.2750;58;10;"piano"
11.2700;11.5100;57;9;"voice"
11.2700;11.5150;69;9;"piano"
11.2700;11.5150;57;9;"piano"
11.5100;11.7900;55;7;"voice"
11.5100;11.7950;67;7;"piano"
11.5100;11.7950;55;7;"piano"
11.7900;12.0700;58;10;"voice"
11.7900;12.0750;70;10;"piano"
11.7900;12.0750;58;10;"piano"
12.0700;12.2900;60;0;"voice"
12.0700;12.2740;72;0;"piano"
12.0700;12.2740;60;0;"piano"
12.2900;12.5750;62;2;"voice"
12.2900;12.5750;74;2;"piano"
12.2900;12.5750;62;2;"piano"
12.5700;12.8540;60;0;"voice"
12.5700;12.8750;72;0;"piano"
12.5700;12.8750;60;0;"piano"
12.8700;13.1700;58;10;"voice"
12.8700;13.1750;70;10;"piano"
12.8700;13.1750;58;10;"piano"
13.1700;13.4750;63;3;"voice"
13.1700;13.4750;75;3;"piano"
13.1700;13.4750;63;3;"piano"
13.4700;13.7140;62;2;"voice"
13.4700;13.7350;74;2;"piano"
13.4700;13.7350;62;2;"piano"
13.7300;14.0300;61;1;"voice"
13.7300;14.0140;73;1;"piano"
13.7300;14.0140;61;1;"piano"
14.0300;14.3350;62;2;"voice"
14.0300;15.6400;74;2;"piano"
14.0300;15.6400;62;2;"piano"
14.3300;14.6170;57;9;"voice"
14.6500;15.1900;54;6;"voice"
15.1900;16.2500;62;2;"voice"
15.6400;16.2520;62;2;"piano"
15.6400;16.2520;50;2;"piano"
16.2500;16.4020;66;6;"piano"
16.2500;16.4020;54;6;"piano"
16.4000;16.5410;69;9;"piano"
16.4000;16.5410;57;9;"piano"
16.5500;16.7950;74;2;"piano"
16.5500;16.7950;62;2;"piano"
16.7900;17.0750;69;9;"piano"
16.7900;17.0750;57;9;"piano"
17.0700;17.3350;66;6;"piano"
17.0700;17.3350;54;6;"piano"
17.3300;17.6110;62;2;"piano"
17.3300;17.6110;50;2;"piano"
17.6100;17.8350;61;1;"piano"
17.6100;17.8350;49;1;"piano"
17.8300;18.1300;57;9;"voice"
17.8300;18.1140;60;0;"piano"
17.8300;18.1140;48;0;"piano"
18.1300;18.6100;58;10;"voice"
18.1300;18.6100;58;10;"piano"
18.1300;18.6100;62;2;"piano"
18.1300;18.6100;46;10;"piano"
18.1300;18.6100;53;5;"piano"
18.6100;18.9100;62;2;"voice"
18.9100;19.2800;60;0;"voice"
18.9100;19.4300;57;9;"piano"
18.9100;19.4300;63;3;"piano"
18.9100;19.4300;46;10;"piano"
18.9100;19.4300;54;6;"piano"
19.2800;19.4300;60;0;"voice"
19.4300;19.5800;58;10;"voice"
19.5800;19.7300;57;9;"voice"
19.7300;20.0300;58;10;"voice"
19.7300;20.2300;58;10;"piano"
19.7300;20.2300;62;2;"piano"
19.7300;20.2300;46;10;"piano"
19.7300;20.2300;53;5;"piano"
20.0300;20.2300;53;5;"voice"
20.2300;20.5300;62;2;"voice"
20.5300;20.8350;62;2;"voice"
20.5300;21.0100;41;5;"piano"
20.5300;21.0100;50;2;"piano"
20.5300;21.0100;53;5;"piano"
20.7810;20.8300;62;2;"piano"
20.8300;21.0080;65;5;"voice"
20.8300;21.0080;74;2;"piano"
21.0100;21.3100;62;2;"voice"
21.3100;21.5950;62;2;"voice"
21.3100;21.8900;43;7;"piano"
21.3100;21.8900;50;2;"piano"
21.3100;21.8900;53;5;"piano"
21.5410;21.5900;62;2;"piano"
21.5900;21.8740;65;5;"voice"
21.5900;21.8740;74;2;"piano"
21.8900;22.0900;62;2;"voice"
22.0900;22.3750;62;2;"voice"
22.0900;22.6100;45;9;"piano"
22.0900;22.6100;50;2;"piano"
22.0900;22.6100;53;5;"piano"
22.3230;22.3700;69;9;"piano"
22.3700;22.5940;64;4;"voice"
22.3700;22.5830;81;9;"piano"
22.5830;22.6100;69;9;"piano"
22.6100;22.9100;61;1;"voice"
22.6100;22.8490;81;9;"piano"
22.6100;22.9100;45;9;"piano"
22.6100;22.9100;52;4;"piano"
22.6100;22.9100;55;7;"piano"
22.8490;22.9100;69;9;"piano"
22.9100;24.2700;62;2;"voice"
22.9100;23.2770;81;9;"piano"
22.9100;23.3000;50;2;"piano"
22.9100;23.3000;53;5;"piano"
23.3000;23.4520;74;2;"piano"
23.3000;23.4520;62;2;"piano"
23.4500;23.6020;69;9;"piano"
23.4500;23.6020;57;9;"piano"
23.6000;23.7410;65;5;"piano"
23.6000;23.7410;53;5;"piano"
23.7500;24.0150;62;2;"piano"
23.7500;24.0150;50;2;"piano"
24.0100;24.1420;60;0;"piano"
24.0100;24.1420;48;0;"piano"
24.1400;24.2720;58;10;"piano"
24.1400;24.2720;46;10;"piano"
24.2700;24.5700;50;2;"voice"
24.2700;24.4220;57;9;"piano"
24.2700;24.4220;45;9;"piano"
24.4200;24.5610;58;10;"piano"
24.4200;24.5610;46;10;"piano"
24.5700;24.8750;52;4;"voice"
24.5700;24.8700;55;7;"piano"
24.5700;24.8700;43;7;"piano"
24.6500;24.8700;46;10;"piano"
24.7290;24.8700;52;4;"piano"
24.8700;25.1140;58;10;"voice"
24.8700;25.1300;55;7;"piano"
24.9500;25.1300;58;10;"piano"
24.9900;25.1300;64;4;"piano"
25.1300;25.3810;52;4;"voice"
25.3810;25.4300;55;7;"voice"
25.4300;25.7140;53;5;"voice"
25.4300;25.7300;45;9;"piano"
25.5100;25.7300;48;0;"piano"
25.5890;25.7300;53;5;"piano"
25.7300;26.1800;53;5;"voice"
25.7300;26.0300;57;9;"piano"
25.8100;26.0300;60;0;"piano"
25.8890;26.0300;65;5;"piano"
26.1800;26.3300;53;5;"voice"
26.3300;26.5750;52;4;"voice"
26.3300;26.5700;43;7;"piano"
26.4100;26.5700;46;10;"piano"
26.4690;26.5700;52;4;"piano"
26.5700;26.8340;58;10;"voice"
26.5700;26.8500;55;7;"piano"
26.6500;26.8500;58;10;"piano"
26.7290;26.8500;64;4;"piano"
26.8500;27.1030;52;4;"voice"
27.1030;27.1500;55;7;"voice"
27.1500;27.4340;53;5;"voice"
27.1500;27.4500;45;9;"piano"
27.2300;27.4500;48;0;"piano"
27.3090;27.4500;53;5;"piano"
27.4500;27.7500;53;5;"voice"
27.4500;27.7500;57;9;"piano"
27.5300;27.7500;60;0;"piano"
27.6090;27.7500;65;5;"piano"
27.9000;28.0500;53;5;"voice"
28.0500;28.3550;54;6;"voice"
28.0500;28.3500;45;9;"piano"
28.1300;28.3500;48;0;"piano"
28.2090;28.3500;54;6;"piano"
28.3500;28.6220;60;0;"voice"
28.3500;28.6300;57;9;"piano"
28.4300;28.6300;60;0;"piano"
28.5090;28.6300;66;6;"piano"
28.6300;28.8900;54;6;"voice"
28.8900;29.1750;55;7;"voice"
28.8900;29.1700;46;10;"piano"
28.9700;29.1700;50;2;"piano"
29.0290;29.1700;55;7;"piano"
29.1700;29.3940;62;2;"voice"
29.1700;29.4100;58;10;"piano"
29.2500;29.4100;62;2;"piano"
29.2850;29.4100;67;7;"piano"
29.4100;29.7100;55;7;"voice"
29.7100;29.8620;54;6;"voice"
29.7100;30.0100;45;9;"piano"
29.7900;30.0100;48;0;"piano"
29.8600;30.0120;63;3;"voice"
29.8690;30.0100;54;6;"piano"
30.0100;30.1420;62;2;"voice"
30.0100;30.2700;57;9;"piano"
30.0900;30.2700;60;0;"piano"
30.1400;30.2610;60;0;"voice"
30.1490;30.2700;66;6;"piano"
30.2700;30.4220;58;10;"voice"
30.4200;30.5610;57;9;"voice"
30.5700;31.1500;55;7;"voice"
30.5700;30.8500;46;10;"piano"
30.6300;30.8500;50;2;"piano"
30.7090;30.8500;55;7;"piano"
30.8500;31.1500;58;10;"piano"
30.9300;31.1500;62;2;"piano"
31.0090;31.1500;67;7;"piano"
31.1500;31.4500;55;7;"voice"
31.4500;31.7550;55;7;"voice"
31.4500;32.3100;47;11;"piano"
31.4500;32.3100;53;5;"piano"
31.4500;32.3100;55;7;"piano"
31.6750;31.7500;68;8;"piano"
31.7500;31.9940;62;2;"voice"
31.7500;32.2790;67;7;"piano"
32.0100;32.3100;55;7;"voice"
32.3100;32.7270;63;3;"voice"
32.3100;33.1300;48;0;"piano"
32.3100;33.1300;51;3;"piano"
32.3100;33.1300;55;7;"piano"
32.4950;32.5700;68;8;"piano"
32.5700;33.0990;67;7;"piano"
32.7200;32.8400;62;2;"voice"
32.8430;33.1300;60;0;"voice"
33.1300;33.4350;58;10;"voice"
33.1300;34.0100;52;4;"piano"
33.1300;34.0100;58;10;"piano"
33.1300;34.0100;60;0;"piano"
33.3550;33.4300;73;1;"piano"
33.4300;33.5820;60;0;"voice"
33.4300;33.9790;72;0;"piano"
33.5800;33.7010;58;10;"voice"
33.7100;33.8620;56;8;"voice"
33.8600;34.0010;55;7;"voice"
34.0100;34.2500;53;5;"voice"
34.0100;34.8300;53;5;"piano"
34.0100;34.8300;56;8;"piano"
34.0100;34.8300;60;0;"piano"
34.2160;34.2500;73;1;"piano"
34.2500;34.5500;56;8;"voice"
34.2500;34.7990;72;0;"piano"
34.5500;34.8300;60;0;"voice"
34.8300;35.1350;60;0;"voice"
34.8300;35.3900;51;3;"piano"
34.8300;35.3900;60;0;"piano"
34.8300;35.3900;63;3;"piano"
35.0690;35.1300;72;0;"piano"
35.1300;35.3740;63;3;"voice"
35.1300;35.3740;84;0;"piano"
35.3900;35.6900;60;0;"voice"
35.6900;35.9950;60;0;"voice"
35.6900;36.2900;53;5;"piano"
35.6900;36.2900;60;0;"piano"
35.6900;36.2900;63;3;"piano"
35.9290;35.9900;72;0;"piano"
35.9900;36.2740;63;3;"voice"
35.9900;36.2740;84;0;"piano"
36.2900;36.4700;60;0;"voice"
36.4700;36.9270;60;0;"voice"
36.4700;37.0700;55;7;"piano"
36.4700;37.0700;60;0;"piano"
36.4700;37.0700;63;3;"piano"
36.7020;36.7700;79;7;"piano"
36.7700;37.0020;91;7;"piano"
36.9200;37.0610;62;2;"voice"
37.0020;37.0700;79;7;"piano"
37.0700;37.3700;59;11;"voice"
37.0700;37.3020;91;7;"piano"
37.0700;37.3700;55;7;"piano"
37.0700;37.3700;62;2;"piano"
37.0700;37.3700;65;5;"piano"
37.3020;37.3700;79;7;"piano"
37.3700;38.0100;60;0;"voice"
37.3700;37.6940;91;7;"piano"
37.3700;37.7100;60;0;"piano"
37.3700;37.7100;63;3;"piano"
37.8600;38.0120;62;2;"piano"
37.8600;38.0120;50;2;"piano"
38.0100;38.1410;66;6;"piano"
38.0100;38.1410;54;6;"piano"
38.1400;38.2520;69;9;"piano"
38.1400;38.2520;57;9;"piano"
38.2500;38.5550;72;0;"piano"
38.2500;38.5550;60;0;"piano"
38.5500;38.7950;69;9;"piano"
38.5500;38.7950;57;9;"piano"
38.7900;39.0950;66;6;"piano"
38.7900;39.0950;54;6;"piano"
39.0900;39.5790;62;2;"piano"
39.0900;39.5790;50;2;"piano"
39.7200;39.8120;75;3;"piano"
39.7200;39.8120;63;3;"piano"
39.8100;39.9620;74;2;"piano"
39.8100;39.9620;62;2;"piano"
39.9600;40.1010;75;3;"piano"
39.9600;40.1010;63;3;"piano"
40.1100;40.6070;74;2;"piano"
40.1100;40.6070;62;2;"piano"
40.6000;40.7520;72;0;"piano"
40.6000;40.7520;60;0;"piano"
40.7500;40.9020;69;9;"piano"
40.7500;40.9020;57;9;"piano"
40.9000;41.1540;66;6;"piano"
40.9000;41.1540;54;6;"piano"
41.2100;41.8300;62;2;"piano"
41.2100;41.8300;50;2;"piano"
41.8300;42.1500;50;2;"voice"
41.8300;42.1590;50;2;"piano"
41.8300;42.1590;38;2;"piano"
42.1500;42.4550;58;10;"voice"
42.1500;42.4270;58;10;"piano"
42.1500;42.4270;46;10;"piano"
42.4500;42.6340;57;9;"voice"
42.4500;42.6590;57;9;"piano"
42.4500;42.6590;45;9;"piano"
42.6500;42.8900;55;7;"voice"
42.6500;42.8990;55;7;"piano"
42.6500;42.8990;43;7;"piano"
42.8900;43.1950;54;6;"voice"
42.8900;43.1990;54;6;"piano"
42.8900;43.1990;42;6;"piano"
43.1900;43.4340;57;9;"voice"
43.1900;43.4590;57;9;"piano"
43.1900;43.4590;45;9;"piano"
43.4500;43.7500;58;10;"voice"
43.4500;43.7010;58;10;"piano"
43.4500;43.7010;46;10;"piano"
43.7010;43.7500;57;9;"piano"
43.7010;43.7500;45;9;"piano"
43.7500;44.0550;60;0;"voice"
43.7500;44.0270;60;0;"piano"
43.7500;44.0270;48;0;"piano"
44.0500;44.2140;58;10;"voice"
44.0500;44.2390;58;10;"piano"
44.0500;44.2390;46;10;"piano"
44.2300;44.5100;57;9;"voice"
44.2300;44.5190;57;9;"piano"
44.2300;44.5190;45;9;"piano"
44.5100;44.8150;55;7;"voice"
44.5100;44.8190;55;7;"piano"
44.5100;44.8190;43;7;"piano"
44.8100;45.0540;58;10;"voice"
44.8100;45.0790;58;10;"piano"
44.8100;45.0790;46;10;"piano"
45.0700;45.3100;60;0;"voice"
45.0700;45.2870;60;0;"piano"
45.0700;45.2870;48;0;"piano"
45.3100;45.5700;62;2;"voice"
45.3100;45.5750;62;2;"piano"
45.3100;45.5750;50;2;"piano"
45.5700;45.8700;60;0;"voice"
45.5700;45.8750;60;0;"piano"
45.5700;45.8750;48;0;"piano"
45.8700;46.2700;58;10;"voice"
45.8700;46.2370;58;10;"piano"
45.8700;46.2370;46;10;"piano"
46.2700;47.7300;63;3;"voice"
46.2700;47.7420;63;3;"piano"
46.2700;47.7420;51;3;"piano"
47.7300;48.4900;61;1;"voice"
47.7300;48.4540;61;1;"piano"
47.7300;48.4540;49;1;"piano"
48.4900;49.7150;62;2;"voice"
48.4900;50.9490;62;2;"piano"
48.4900;50.9490;50;2;"piano"
49.7100;50.3940;57;9;"voice"
50.4100;50.7100;54;6;"voice"
50.7100;51.3100;62;2;"voice"
51.1600;51.3120;62;2;"piano"
51.1600;51.3120;50;2;"piano"
51.3100;51.3820;66;6;"piano"
51.3100;51.3820;54;6;"piano"
51.3800;51.5210;69;9;"piano"
51.3800;51.5210;57;9;"piano"
51.5300;51.8320;74;2;"piano"
51.5300;51.8320;62;2;"piano"
51.8300;52.0950;69;9;"piano"
51.8300;52.0950;57;9;"piano"
52.0900;52.3510;66;6;"piano"
52.0900;52.3510;54;6;"piano"
52.3500;52.5550;62;2;"piano"
52.3500;52.5550;50;2;"piano"
52.5500;52.8550;61;1;"piano"
52.5500;52.8550;49;1;"piano"
52.8500;53.1500;57;9;"voice"
52.8500;53.1340;60;0;"piano"
52.8500;53.1340;48;0;"piano"
53.1500;53.7300;58;10;"voice"
53.1500;53.7300;58;10;"piano"
53.1500;53.7300;63;3;"piano"
53.1500;53.7300;46;10;"piano"
53.1500;53.7300;55;7;"piano"
53.7300;54.0300;59;11;"voice"
54.0300;54.4800;58;10;"voice"
54.0300;54.6300;56;8;"piano"
54.0300;54.6300;62;2;"piano"
54.0300;54.6300;46;10;"piano"
54.0300;54.6300;53;5;"piano"
54.4800;54.6300;59;11;"voice"
54.6300;54.7570;58;10;"voice"
54.7570;54.8700;59;11;"voice"
54.8700;55.4700;58;10;"voice"
54.8700;55.4700;55;7;"piano"
54.8700;55.4700;63;3;"piano"
54.8700;55.4700;39;3;"piano"
54.8700;55.4700;51;3;"piano"
55.4700;55.8100;55;7;"voice"
55.8100;56.4100;61;1;"piano"
55.8100;56.4100;67;7;"piano"
55.8100;56.4100;51;3;"piano"
55.8100;56.4100;58;10;"piano"
56.4100;56.7100;55;7;"voice"
56.7100;57.0150;62;2;"voice"
56.7100;57.1900;62;2;"piano"
56.7100;57.1900;67;7;"piano"
56.7100;57.1900;75;3;"piano"
56.7100;57.1900;47;11;"piano"
56.7100;57.1900;55;7;"piano"
57.0100;57.1880;59;11;"voice"
57.1900;57.4900;55;7;"voice"
57.4900;57.6420;55;7;"voice"
57.4900;58.0100;64;4;"piano"
57.4900;58.0100;67;7;"piano"
57.4900;58.0100;76;4;"piano"
57.4900;58.0100;48;0;"piano"
57.4900;58.0100;55;7;"piano"
57.4900;58.0100;60;0;"piano"
57.6400;57.7260;57;9;"voice"
57.7260;57.8620;59;11;"voice"
57.8600;58.0010;60;0;"voice"
58.0100;58.1620;62;2;"voice"
58.1600;58.3010;64;4;"voice"
58.3100;58.8700;62;2;"voice"
58.3100;58.4620;71;11;"piano"
58.3100;58.6100;50;2;"piano"
58.3100;58.6100;55;7;"piano"
58.3100;58.6100;59;11;"piano"
58.4600;58.6120;74;2;"piano"
58.6100;58.7540;79;7;"piano"
58.6100;58.8700;50;2;"piano"
58.6100;58.8700;55;7;"piano"
58.6100;58.8700;59;11;"piano"
58.6100;58.8700;62;2;"piano"
58.7530;58.8610;83;11;"piano"
58.8700;59.1700;54;6;"voice"
58.8700;59.0220;78;6;"piano"
58.8700;59.1700;50;2;"piano"
58.8700;59.1700;57;9;"piano"
58.8700;59.1700;60;0;"piano"
58.8700;59.1700;62;2;"piano"
59.0200;59.1610;86;2;"piano"
59.1700;59.8300;55;7;"voice"
59.1700;59.5300;79;7;"piano"
59.1700;59.5300;55;7;"piano"
59.1700;59.5300;59;11;"piano"
59.1700;59.5300;62;2;"piano"
59.6800;59.8320;55;7;"piano"
59.6800;59.8320;43;7;"piano"
59.8300;59.9820;58;10;"piano"
59.8300;59.9820;46;10;"piano"
59.9800;60.1010;62;2;"piano"
59.9800;60.1010;50;2;"piano"
60.1100;60.3550;67;7;"piano"
60.1100;60.3550;55;7;"piano"
60.3500;60.6150;62;2;"piano"
60.3500;60.6150;50;2;"piano"
60.6100;60.8350;60;0;"piano"
60.6100;60.8350;48;0;"piano"
60.8300;61.1350;58;10;"piano"
60.8300;61.1350;46;10;"piano"
61.1300;61.3750;57;9;"piano"
61.1300;61.3750;45;9;"piano"
61.3700;61.6700;55;7;"voice"
61.3700;61.6540;55;7;"piano"
61.3700;61.5920;43;7;"piano"
61.5920;61.6700;54;6;"piano"
61.6700;61.9150;60;0;"voice"
61.6700;62.3670;51;3;"piano"
61.6700;61.7360;39;3;"piano"
61.6700;61.7360;42;6;"piano"
61.7520;61.8170;41;5;"piano"
61.8340;61.8770;39;3;"piano"
61.8820;61.9220;41;5;"piano"
61.9100;62.1940;58;10;"voice"
61.9380;62.0040;39;3;"piano"
62.0200;62.0860;41;5;"piano"
62.1020;62.1680;39;3;"piano"
62.1840;62.2500;41;5;"piano"
62.2100;62.5100;57;9;"voice"
62.2660;62.3320;39;3;"piano"
62.3480;62.3650;41;5;"piano"
62.3670;62.5100;50;2;"piano"
62.3670;62.5100;38;2;"piano"
62.4160;62.5100;51;3;"piano"
62.4160;62.5100;39;3;"piano"
62.4610;62.5100;54;6;"piano"
62.4610;62.5100;42;6;"piano"
62.5100;62.8150;55;7;"voice"
62.5100;62.7770;55;7;"piano"
62.5100;62.7770;43;7;"piano"
62.8100;63.0940;57;9;"voice"
63.1100;63.4100;58;10;"voice"
63.3610;63.4100;54;6;"piano"
63.4100;63.6550;60;0;"voice"
63.4100;64.0980;51;3;"piano"
63.4100;63.4760;39;3;"piano"
63.4100;63.4570;42;6;"piano"
63.4900;63.5070;41;5;"piano"
63.5140;63.5800;39;3;"piano"
63.5960;63.6620;41;5;"piano"
63.6500;63.9340;58;10;"voice"
63.6780;63.7440;39;3;"piano"
63.7600;63.8260;41;5;"piano"
63.8420;63.9080;39;3;"piano"
63.9240;63.9900;41;5;"piano"
63.9500;64.2300;57;9;"voice"
64.0060;64.0720;39;3;"piano"
64.0880;64.0970;41;5;"piano"
64.0980;64.2300;50;2;"piano"
64.0980;64.2300;38;2;"piano"
64.1360;64.2300;51;3;"piano"
64.1360;64.2300;39;3;"piano"
64.1810;64.2300;54;6;"piano"
64.1810;64.2300;42;6;"piano"
64.2300;64.5350;55;7;"voice"
64.2300;64.4970;55;7;"piano"
64.2300;64.4970;43;7;"piano"
64.5300;64.7940;58;10;"voice"
64.8100;65.0900;60;0;"voice"
65.0900;65.3900;62;2;"voice"
65.0900;65.3950;62;2;"piano"
65.0900;65.3950;50;2;"piano"
65.3900;65.7100;60;0;"voice"
65.3900;65.7150;60;0;"piano"
65.3900;65.7150;48;0;"piano"
65.7100;67.4100;58;10;"voice"
65.7100;66.3540;58;10;"piano"
65.7100;66.3540;46;10;"piano"
67.4100;69.0500;63;3;"voice"
67.4100;69.0620;63;3;"piano"
67.4100;69.0620;51;3;"piano"
69.0500;69.8500;61;1;"voice"
69.0500;69.7190;61;1;"piano"
69.0500;69.7190;49;1;"piano"
69.8500;70.1550;62;2;"voice"
69.8500;71.5490;62;2;"piano"
69.8500;71.5490;50;2;"piano"
70.1500;70.4600;57;9;"voice"
70.5900;71.3100;54;6;"voice"
71.3100;72.5300;62;2;"voice"
72.1800;72.5320;75;3;"piano"
72.1800;72.5320;63;3;"piano"
72.5300;72.6820;74;2;"piano"
72.5300;72.6820;62;2;"piano"
72.6800;72.9810;75;3;"piano"
72.6800;72.9810;63;3;"piano"
72.9900;73.2950;74;2;"piano"
72.9900;73.2950;62;2;"piano"
73.2900;73.5550;69;9;"piano"
73.2900;73.5550;57;9;"piano"
73.5500;73.7950;66;6;"piano"
73.5500;73.7950;54;6;"piano"
73.7900;74.0350;62;2;"piano"
73.7900;74.0350;50;2;"piano"
74.0300;74.3350;61;1;"piano"
74.0300;74.3350;49;1;"piano"
74.3300;74.6300;57;9;"voice"
74.3300;74.6140;60;0;"piano"
74.3300;74.6140;48;0;"piano"
74.6300;75.2300;58;10;"voice"
74.6300;75.2300;58;10;"piano"
74.6300;75.2300;63;3;"piano"
74.6300;75.2300;46;10;"piano"
74.6300;75.2300;55;7;"piano"
75.2300;75.5100;59;11;"voice"
75.5100;75.9000;58;10;"voice"
75.5100;76.0500;56;8;"piano"
75.5100;76.0500;62;2;"piano"
75.5100;76.0500;46;10;"piano"
75.5100;76.0500;53;5;"piano"
75.9000;76.0500;59;11;"voice"
76.0500;76.2000;58;10;"voice"
76.2000;76.3700;59;11;"voice"
76.3700;76.9700;58;10;"voice"
76.3700;76.9700;55;7;"piano"
76.3700;76.9700;63;3;"piano"
76.3700;76.9700;39;3;"piano"
76.3700;76.9700;51;3;"piano"
76.9700;77.2700;55;7;"voice"
77.2700;77.8700;56;8;"piano"
77.2700;77.8700;59;11;"piano"
77.2700;77.8700;65;5;"piano"
77.2700;77.8700;49;1;"piano"
77.8700;78.2300;59;11;"voice"
78.2300;78.8300;60;0;"voice"
78.2300;78.8300;60;0;"piano"
78.2300;78.8300;65;5;"piano"
78.2300;78.8300;48;0;"piano"
78.2300;78.8300;56;8;"piano"
78.8300;79.1300;61;1;"voice"
79.1300;79.5800;60;0;"voice"
79.1300;79.7300;58;10;"piano"
79.1300;79.7300;64;4;"piano"
79.1300;79.7300;48;0;"piano"
79.1300;79.7300;55;7;"piano"
79.5800;79.7300;61;1;"voice"
79.7300;79.8800;60;0;"voice"
79.8800;80.0500;61;1;"voice"
80.0500;80.7300;60;0;"voice"
80.0500;80.7300;56;8;"piano"
80.0500;80.7300;65;5;"piano"
80.0500;80.7300;41;5;"piano"
80.0500;80.7300;53;5;"piano"
80.7300;81.0300;56;8;"voice"
81.0300;81.6100;58;10;"piano"
81.0300;81.6100;61;1;"piano"
81.0300;81.6100;67;7;"piano"
81.0300;81.6100;51;3;"piano"
81.6100;81.9100;55;7;"voice"
81.9100;82.2150;62;2;"voice"
81.9100;82.5100;62;2;"piano"
81.9100;82.5100;67;7;"piano"
81.9100;82.5100;74;2;"piano"
81.9100;82.5100;47;11;"piano"
81.9100;82.5100;55;7;"piano"
82.2100;82.4940;59;11;"voice"
82.5100;82.8100;55;7;"voice"
82.8100;82.9620;55;7;"voice"
82.8100;83.4100;64;4;"piano"
82.8100;83.4100;67;7;"piano"
82.8100;83.4100;76;4;"piano"
82.8100;83.4100;48;0;"piano"
82.8100;83.4100;55;7;"piano"
82.8100;83.4100;60;0;"piano"
82.9600;83.1120;64;4;"voice"
83.1100;83.2620;62;2;"voice"
83.2600;83.4010;60;0;"voice"
83.4100;83.5620;59;11;"voice"
83.5600;83.7010;57;9;"voice"
83.7100;84.9300;62;2;"voice"
83.7100;83.8600;67;7;"piano"
83.7100;83.9930;50;2;"piano"
83.7100;83.9930;55;7;"piano"
83.7100;83.9930;59;11;"piano"
83.7100;83.9930;62;2;"piano"
83.8600;83.9930;69;9;"piano"
83.9930;84.0400;71;11;"piano"
83.9930;84.1900;50;2;"piano"
83.9930;84.1900;55;7;"piano"
83.9930;84.1900;59;11;"piano"
83.9930;84.1900;62;2;"piano"
84.0400;84.1900;72;0;"piano"
84.1900;84.3400;74;2;"piano"
84.1900;84.4700;50;2;"piano"
84.1900;84.4700;55;7;"piano"
84.1900;84.4700;59;11;"piano"
84.1900;84.4700;62;2;"piano"
84.3400;84.4700;76;4;"piano"
84.4700;84.5800;78;6;"piano"
84.4700;84.7300;50;2;"piano"
84.4700;84.7300;57;9;"piano"
84.4700;84.7300;60;0;"piano"
84.4700;84.7300;62;2;"piano"
84.5800;84.7300;79;7;"piano"
84.7300;84.8000;81;9;"piano"
84.7300;84.9300;50;2;"piano"
84.7300;84.9300;57;9;"piano"
84.7300;84.9300;60;0;"piano"
84.7300;84.9300;62;2;"piano"
84.8000;84.9300;83;11;"piano"
84.9300;85.2100;54;6;"voice"
84.9300;85.0800;84;0;"piano"
84.9300;85.2100;50;2;"piano"
84.9300;85.2100;57;9;"piano"
84.9300;85.2100;60;0;"piano"
84.9300;85.2100;62;2;"piano"
85.0800;85.2100;86;2;"piano"
85.2100;85.9100;55;7;"voice"
85.2100;85.6100;79;7;"piano"
85.2100;85.6100;55;7;"piano"
85.2100;85.6100;59;11;"piano"
85.2100;85.6100;62;2;"piano"
85.7600;85.9130;66;6;"piano"
85.7600;85.9130;54;6;"piano"
85.9100;86.0630;67;7;"piano"
85.9100;86.0630;55;7;"piano"
86.0600;86.1730;66;6;"piano"
86.0600;86.1730;54;6;"piano"
86.1700;86.3030;67;7;"piano"
86.1700;86.3030;55;7;"piano"
86.3000;86.4110;69;9;"piano"
86.3000;86.4110;57;9;"piano"
86.4100;86.4830;70;10;"piano"
86.4100;86.4830;58;10;"piano"
86.4800;86.5930;71;11;"piano"
86.4800;86.5930;59;11;"piano"
86.5900;86.7030;72;0;"piano"
86.5900;86.7030;60;0;"piano"
86.7000;86.7810;73;1;"piano"
86.7000;86.7810;61;1;"piano"
86.7900;87.0950;74;2;"piano"
86.7900;87.0950;62;2;"piano"
87.0900;87.3550;70;10;"piano"
87.0900;87.3550;58;10;"piano"
87.3500;87.6150;67;7;"piano"
87.3500;87.6150;55;7;"piano"
87.6100;87.8540;62;2;"piano"
87.6100;87.8540;50;2;"piano"
87.9800;88.0930;79;7;"piano"
87.9800;88.0930;67;7;"piano"
88.0900;88.1830;74;2;"piano"
88.0900;88.1830;62;2;"piano"
88.1800;88.3010;75;3;"piano"
88.1800;88.3010;63;3;"piano"
88.3100;88.5950;74;2;"piano"
88.3100;88.5950;62;2;"piano"
88.5900;88.8150;70;10;"piano"
88.5900;88.8150;58;10;"piano"
88.8100;89.1150;67;7;"piano"
88.8100;89.1150;55;7;"piano"
89.1100;89.3740;62;2;"piano"
89.1100;89.3740;50;2;"piano"
89.5000;89.6130;63;3;"piano"
89.5000;89.6130;51;3;"piano"
89.6100;89.6830;62;2;"piano"
89.6100;89.6830;50;2;"piano"
89.6800;89.8010;63;3;"piano"
89.6800;89.8010;51;3;"piano"
89.8100;90.0750;65;5;"piano"
89.8100;90.0750;53;5;"piano"
90.0700;90.3350;62;2;"piano"
90.0700;90.3350;50;2;"piano"
90.3300;90.5750;60;0;"piano"
90.3300;90.5750;48;0;"piano"
90.5700;90.8550;58;10;"piano"
90.5700;90.8550;46;10;"piano"
90.8500;91.0350;57;9;"piano"
90.8500;91.0350;45;9;"piano"
91.0300;91.2340;55;7;"piano"
91.0300;91.2340;43;7;"piano"
91.2900;91.3560;55;7;"piano"
91.2900;91.3340;57;9;"piano"
91.2900;91.3560;43;7;"piano"
91.2900;91.3340;45;9;"piano"
91.3720;91.4380;58;10;"piano"
91.3720;91.3770;57;9;"piano"
91.3720;91.4380;46;10;"piano"
91.3720;91.3770;45;9;"piano"
91.4540;91.5200;57;9;"piano"
91.4540;91.5200;45;9;"piano"
91.5360;91.6020;58;10;"piano"
91.5360;91.6020;46;10;"piano"
91.6180;91.6840;57;9;"piano"
91.6180;91.6840;45;9;"piano"
91.7000;91.7660;58;10;"piano"
91.7000;91.7660;46;10;"piano"
91.7830;91.8480;57;9;"piano"
91.7830;91.8480;45;9;"piano"
91.8640;91.9300;58;10;"piano"
91.8640;91.9300;46;10;"piano"
91.9460;92.0120;57;9;"piano"
91.9460;92.0120;45;9;"piano"
92.0280;92.0940;58;10;"piano"
92.0280;92.0940;46;10;"piano"
92.1010;92.1900;55;7;"piano"
92.1010;92.1900;43;7;"piano"
92.1430;92.1900;57;9;"piano"
92.1430;92.1900;45;9;"piano"
92.1900;92.6170;55;7;"piano"
92.1900;92.6170;43;7;"piano"
92.6400;92.7930;57;9;"piano"
92.6400;92.7930;45;9;"piano"
92.7900;92.9430;55;7;"piano"
92.7900;92.9430;43;7;"piano"
92.9400;93.0010;57;9;"piano"
92.9400;93.0010;45;9;"piano"
93.1900;93.2960;55;7;"piano"
93.1900;93.2430;57;9;"piano"
93.1900;93.2960;43;7;"piano"
93.1900;93.2430;45;9;"piano"
93.3120;93.3780;58;10;"piano"
93.3120;93.3170;57;9;"piano"
93.3120;93.3780;46;10;"piano"
93.3120;93.3170;45;9;"piano"
93.3940;93.4600;57;9;"piano"
93.3940;93.4600;45;9;"piano"
93.4760;93.5420;58;10;"piano"
93.4760;93.5420;46;10;"piano"
93.5580;93.6240;57;9;"piano"
93.5580;93.6240;45;9;"piano"
93.6400;93.7060;58;10;"piano"
93.6400;93.7060;46;10;"piano"
93.7230;93.7880;57;9;"piano"
93.7230;93.7880;45;9;"piano"
93.8040;93.8700;58;10;"piano"
93.8040;93.8700;46;10;"piano"
93.8860;93.9520;57;9;"piano"
93.8860;93.9520;45;9;"piano"
93.9680;94.0340;58;10;"piano"
93.9680;94.0340;46;10;"piano"
94.0410;94.1300;55;7;"piano"
94.0410;94.1300;43;7;"piano"
94.0830;94.1300;57;9;"piano"
94.0830;94.1300;45;9;"piano"
94.1300;95.8340;55;7;"piano"
94.1300;95.8340;43;7;"piano"
